site,chain,resi,buried_area,total_effect,abs_effect,hex_color
2,H,31,80.554,-0.3433300663179229,2.573922721051406,#add4ad
3,H,51,0.0,-0.3642311780696866,5.814040008261079,#3f9a3f
4,H,56,0.0,0.24423747299529217,6.680135789552649,#228b22
5,H,59,49.729,0.12393219818240497,4.770375710359223,#62ad62
7,L,1,40.963,0.26271214180754304,1.8674879264228725,#c5e1c5
8,L,3,0.0,-0.06782984112062362,0.7957292969315117,#e8f3e8
9,L,4,0.0,0.12696300683570444,0.12696300683570444,#ffffff
10,L,29,0.0,0.00042103800986852125,0.21074919393905517,#fcfefc
11,L,33,82.823,-0.3648654628188147,0.5761344832666732,#f0f7f0
12,L,94,86.556,-0.06022507674258029,4.803430961424767,#61ac61
