site,chain,resi,buried_area,total_effect,abs_effect,hex_color
2,H,31,80.554,-0.03347040663292794,2.6764534141655343,#8e8ee9
3,H,51,0.0,-0.3065415504327158,2.1415902939305083,#a7a7ee
4,H,56,0.0,-0.35455244572748185,5.746302281140232,#0000cd
5,H,59,49.729,-0.2572037903351737,4.666424052255413,#3232d7
7,L,1,40.963,-0.00037079523116059776,1.6115825309770722,#c0c0f3
8,L,3,0.0,0.0318963910489489,0.8034483561144086,#e6e6fa
9,L,4,0.0,0.26870703634054144,0.26870703634054144,#ffffff
10,L,29,0.0,0.24897998809476662,0.24897998809476662,#ffffff
11,L,33,82.823,-0.14938199266548854,5.154179715889343,#1b1bd2
12,L,94,86.556,-0.724508823569425,1.4492577574684655,#c8c8f4
