site,chain,resi,buried_area,total_effect,abs_effect,hex_color
2,H,31,80.554,-0.0150912107547869,0.4115995351560952,#636363
3,H,51,0.0,0.05402554706643011,0.657216578278963,#000000
4,H,56,0.0,0.06650329464673796,0.623379034661444,#0d0d0d
5,H,59,49.729,-0.0024738222905447,0.3123881503821223,#8b8b8b
7,L,1,40.963,0.03969580125745924,0.10057783933215382,#e1e1e1
8,L,3,0.0,-0.036889231098771375,0.12172728547037932,#d8d8d8
9,L,4,0.0,-0.003597873913390965,0.048380178954919695,#f6f6f6
10,L,29,0.0,-0.003587810257681609,0.08101815041187328,#e9e9e9
11,L,33,82.823,-0.04200364369957114,0.142834074974145,#d0d0d0
12,L,94,86.556,-0.0063382160793381895,0.10174891342658307,#e0e0e0
13,L,107,0.0,-0.02436997939456943,0.02436997939456943,#ffffff
