site,chain,resi,buried_area,total_effect,abs_effect,hex_color
2,H,31,80.554,0.034082360995397604,0.2320025417746295,#f3e5f3
3,H,51,0.0,-0.5373014128328194,1.396764541575452,#8b008b
4,H,56,0.0,0.3184140172408533,0.8071340142718066,#bf73bf
7,L,1,40.963,-0.15124726246946535,0.15124726246946535,#faf4fa
9,L,4,0.0,-0.10674164391563533,0.10674164391563533,#fefdfe
12,L,94,86.556,-0.09510570985865927,0.09510570985865927,#ffffff
