site,chain,resi,buried_area,total_effect,abs_effect,hex_color
2,H,31,80.554,0.3067984630527818,0.6165354992114442,#fcebee
3,H,51,0.0,0.19467343247673727,1.7961410126567823,#ef90a3
4,H,56,0.0,0.3062176540424472,3.4160138588065534,#dc143c
5,H,59,49.729,0.33385825427518984,2.018809919815881,#ec7f95
7,L,1,40.963,0.1310034719792514,1.7681376772198127,#ef92a5
8,L,3,0.0,-0.15084278356884,0.3476338648491704,#ffffff
9,L,4,0.0,-0.13689464478577562,0.3935934211176487,#fffcfd
10,L,29,0.0,0.029507306083232862,0.48175816683453593,#fdf5f7
11,L,33,82.823,0.09929684302387984,1.724269532518706,#ef96a8
12,L,94,86.556,-0.003540677721010202,0.6220013870351232,#fcebee
