pair,distance,epistasis,i,j
"M51,M56",6.362678527832031,2.2736541935331838,3,4
"M56,M59",9.718842506408691,1.607229492107656,4,5
"N94,M51",15.959388732910156,1.5787130336949813,12,3
"N94,M56",18.145387649536133,1.4934983218826583,12,4
"N94,M59",13.78713321685791,1.2260762075437939,12,5
"M51,M59",6.917466163635254,1.1881406213881247,3,5
"M31,M56",11.634392738342285,1.0000150156087018,2,4
"M31,M51",11.52131462097168,0.7271140493464492,2,3
"M31,M59",17.7438907623291,0.6385217216525207,2,5
"N1,N3",6.4594407081604,0.5324268584295195,7,8
"M51,N1",21.552370071411133,0.4933990086015619,3,7
"N33,M56",22.9257869720459,0.4709704053020799,11,4
"M56,N1",24.586706161499023,0.3710114320002609,4,7
"N94,N1",12.009103775024414,0.31310921389915636,12,7
"N94,M31",19.961944580078125,0.2800029800153936,12,2
"N33,M31",21.385643005371094,0.2204044874139196,11,2
"M51,N3",23.573450088500977,0.16847713052407548,3,8
"N33,M51",19.852725982666016,0.1299117192624726,11,3
"M51,N4",23.96710205078125,0.12696300683570444,3,9
"M56,N4",28.532777786254883,0.12696300683570444,4,9
"M31,N1",29.64053726196289,0.1231443327988605,2,7
"N33,M59",19.159568786621094,0.12018376636635175,11,5
"N33,N94",6.895921230316162,0.10563451022392925,11,12
"N29,M56",27.515544891357422,0.10558511597446185,10,4
"N29,M59",22.144790649414062,0.10558511597446185,10,5
"N29,N33",7.5820417404174805,0.10516407796459333,10,11
"N29,M31",28.16449546813965,0.10516407796459333,10,2
