pair,distance,epistasis,i,j
"M51,M56",6.362678527832031,0.133192758500703,3,4
"M31,M56",11.634392738342285,0.12096669864480128,2,4
"M56,M59",9.718842506408691,0.09852653231931341,4,5
"M31,M51",11.52131462097168,0.09268571517074663,2,3
"M51,M59",6.917466163635254,0.07932737336396001,3,5
"N33,M56",22.9257869720459,0.05894463904323836,11,4
"M31,M59",17.7438907623291,0.05890445401702009,2,5
"N33,M51",19.852725982666016,0.050415215637286924,11,3
"N94,M56",18.145387649536133,0.047705348673622444,12,4
"M56,N3",27.721179962158203,0.042419027185803974,4,8
"N29,M51",24.839330673217773,0.042302980334777446,10,3
"N29,M56",27.515544891357422,0.03871517007709584,10,4
"N33,M31",21.385643005371094,0.033474220293619704,11,2
"N1,N3",6.4594407081604,0.030441019037347288,7,8
"N94,M51",15.959388732910156,0.029546304900302002,12,3
"M51,N4",23.96710205078125,0.025989026434155328,3,9
"N94,N3",13.53779125213623,0.02449725985265863,12,8
"N107,N3",25.04652976989746,0.02436997939456943,13,8
"M56,N4",28.532777786254883,0.022391152520764363,4,9
