pair,distance,epistasis,i,j
"M51,M56",6.362678527832031,0.4297315643713164,3,4
"M51,N1",21.552370071411133,0.15124726246946535,3,7
"M31,M56",11.634392738342285,0.13304245138501355,2,4
"M51,N4",23.96710205078125,0.10674164391563533,3,9
"M31,M51",11.52131462097168,0.09896009038961595,2,3
"N94,M51",15.959388732910156,0.09510570985865927,12,3
