pair,distance,epistasis,i,j
"M56,M59",9.718842506408691,0.4139086242689787,4,5
"N33,M56",22.9257869720459,0.3491196195847149,11,4
"M51,M56",6.362678527832031,0.3289707493270504,3,4
"M56,N1",24.586706161499023,0.3080305911219779,4,7
"M31,M51",11.52131462097168,0.2776449006612327,2,3
"M51,N1",21.552370071411133,0.25519950501588073,3,7
"N33,M59",19.159568786621094,0.1913844746523996,11,5
"M59,N1",16.066181182861328,0.16044160707481114,5,7
"M31,M56",11.634392738342285,0.15486851807933122,2,4
"N94,M51",15.959388732910156,0.13775329512415715,12,3
"M56,N4",28.532777786254883,0.12834938816593655,4,9
"N29,N94",9.382530212402344,0.10970365731595945,10,12
"N1,N3",6.4594407081604,0.0983955406401652,7,8
"N33,N94",6.895921230316162,0.09827661047975333,11,12
"N33,N1",15.612661361694336,0.09489539940761102,11,7
"N33,M51",19.852725982666016,0.07881024062293429,11,3
"N94,M59",13.78713321685791,0.07674112677415618,12,5
"N29,M59",22.144790649414062,0.0738911584510194,10,5
"N29,M56",27.515544891357422,0.07203792069190554,10,4
