wuhan_predicted_phenotype,ba1_predicted_phenotype,ba4_predicted_phenotype,expression_predicted_phenotype,psr_predicted_phenotype
0.5821212958392146,0.5137236026676992,0.5667947167714789,0.2618853369638486,-0.08592250180170447
-0.05827422479977123,-0.200799559888452,0.05430737759058679,0.6460762658203829,0.7320654471803818
